<?xml version="1.0" encoding="UTF-8"?>
<project-private xmlns="http://www.netbeans.org/ns/project-private/1">
    <editor-bookmarks xmlns="http://www.netbeans.org/ns/editor-bookmarks/2" lastBookmarkId="0"/>
    <open-files xmlns="http://www.netbeans.org/ns/projectui-open-files/2">
        <group>
            <file>file:/C:/Users/ASUS/Documents/NetBeansProjects/PA_PBO_FIX/src/Login/LOGIN_SUPERADMIN.java</file>
            <file>file:/C:/Users/ASUS/Documents/NetBeansProjects/PA_PBO_FIX/src/ORM/Film.java</file>
            <file>file:/C:/Users/ASUS/Documents/NetBeansProjects/PA_PBO_FIX/src/ORM/FilmInterface.java</file>
            <file>file:/C:/Users/ASUS/Documents/NetBeansProjects/PA_PBO_FIX/src/ORM/PenayanganDAO.java</file>
            <file>file:/C:/Users/ASUS/Documents/NetBeansProjects/PA_PBO_FIX/src/CRUD_SUPERADMIN/TambahFilm.java</file>
            <file>file:/C:/Users/ASUS/Documents/NetBeansProjects/PA_PBO_FIX/src/CRUD_ADMIN/HapusPenayangan.java</file>
            <file>file:/C:/Users/ASUS/Documents/NetBeansProjects/PA_PBO_FIX/src/CRUD_SUPERADMIN/EditFilm.java</file>
            <file>file:/C:/Users/ASUS/Documents/NetBeansProjects/PA_PBO_FIX/src/ORM/Penayangan.java</file>
            <file>file:/C:/Users/ASUS/Documents/NetBeansProjects/PA_PBO_FIX/src/CRUD_SUPERADMIN/LihatFilm.java</file>
            <file>file:/C:/Users/ASUS/Documents/NetBeansProjects/PA_PBO_FIX/src/CRUD_SUPERADMIN/HapusFilm.java</file>
            <file>file:/C:/Users/ASUS/Documents/NetBeansProjects/PA_PBO_FIX/src/Login/Awal.java</file>
            <file>file:/C:/Users/ASUS/Documents/NetBeansProjects/PA_PBO_FIX/src/database/databases1.java</file>
            <file>file:/C:/Users/ASUS/Documents/NetBeansProjects/PA_PBO_FIX/src/Login/LOGIN_ADMIN.java</file>
            <file>file:/C:/Users/ASUS/Documents/NetBeansProjects/PA_PBO_FIX/src/CRUD_ADMIN/LihatPenayangan.java</file>
            <file>file:/C:/Users/ASUS/Documents/NetBeansProjects/PA_PBO_FIX/src/CRUD_ADMIN/MENU_ADMIN.java</file>
            <file>file:/C:/Users/ASUS/Documents/NetBeansProjects/PA_PBO_FIX/src/CRUD_ADMIN/EditPenayangan.java</file>
            <file>file:/C:/Users/ASUS/Documents/NetBeansProjects/PA_PBO_FIX/src/CRUD_ADMIN/TambahPenayangan.java</file>
            <file>file:/C:/Users/ASUS/Documents/NetBeansProjects/PA_PBO_FIX/src/CRUD_SUPERADMIN/MENU_SUPERADMIN.java</file>
            <file>file:/C:/Users/ASUS/Documents/NetBeansProjects/PA_PBO_FIX/src/models/SuperAdmin.java</file>
        </group>
    </open-files>
</project-private>
